Nome_Cientifico;Status;
Aphelandra espirito-santensis;Em Perigo;
Aphelandra margaritae;Vulneravel;
Aphelandra maximiliana;Em Perigo;
Dyschoriste lavandulacea;Em Perigo;
Dyschoriste smithii;Criticamente em Perigo;
Justicia clausseniana;Em Perigo;
Justicia genuflexa;Vulneravel;
Justicia paranaensis;Em Perigo;
Justicia polita;Em Perigo;
Justicia ramulosa;Vulneravel;
Justicia tijucensis;Vulneravel;
Odontonema dissitiflorum;Em Perigo;
Staurogyne brachiata;Em Perigo;
Staurogyne carvalhoi;Vulneravel;
Staurogyne elegans;Vulneravel;
Staurogyne itatiaiae;Em Perigo;
Staurogyne vauthieriana;Em Perigo;
Staurogyne veronicifolia;Em Perigo;
Staurogyne warmingiana;Em Perigo;
Stenandrium hatschbachii;Em Perigo;
Stenandrium stenophyllum;Em Perigo;
Streblacanthus dubiosus;Em Perigo;
Sagittaria lancifolia;Vulneravel;
Alstroemeria amabilis;Em Perigo;
Alstroemeria brasiliensis;Em Perigo;
Alstroemeria capixaba;Criticamente em Perigo;
Alstroemeria caryophyllaea;Em Perigo;
Alstroemeria malmeana;Criticamente em Perigo;
Alstroemeria orchidioides;Em Perigo;
Alstroemeria penduliflora;Em Perigo;
Alternanthera decurrens;Em Perigo;
Alternanthera hirtula;Vulneravel;
Alternanthera januarensis;Em Perigo;
Amaranthus rosengurtii;Em Perigo;
Froelichiella grisea;Em Perigo;
Gomphrena centrota;Em Perigo;
Gomphrena hatschbachiana;Em Perigo;
Gomphrena nigricans;Criticamente em Perigo;
Gomphrena paranensis;Vulneravel;
Gomphrena pulchella;Em Perigo;
Gomphrena regeliana;Vulneravel;
Pfaffia argyrea;Em Perigo;
Pfaffia minarum;Vulneravel;
Quaternella glabratoides;Em Perigo;
Eithea blumenavia;Em Perigo;
Griffinia aracensis;Criticamente em Perigo;
Griffinia colatinensis;Criticamente em Perigo;
Griffinia espiritensis;Em Perigo;
Griffinia gardneriana;Em Perigo;
Griffinia hyacinthina;Em Perigo;
Griffinia liboniana;Em Perigo;
Griffinia nocturna;Criticamente em Perigo;
Griffinia parviflora;Criticamente em Perigo;
Griffinia paubrasilica;Criticamente em Perigo;
Habranthus coeruleus;Vulneravel;
Habranthus irwinianus;Vulneravel;
Hippeastrum angustifolium;Vulneravel;
Hippeastrum brasilianum;Em Perigo;
Hippeastrum breviflorum;Em Perigo;
Hippeastrum goianum;Em Perigo;
Hippeastrum leucobasis;Criticamente em Perigo;
Hippeastrum morelianum;Vulneravel;
Hippeastrum papilio;Criticamente em Perigo;
Hippeastrum psittacinum;Em Perigo;
Hippeastrum reginae;Em Perigo;
Hippeastrum santacatarina;Em Perigo;
Hippeastrum striatum;Em Perigo;
Hippeastrum vittatum;Em Perigo;
Worsleya procera;Em Perigo;
Zephyranthes brasiliensis;Vulneravel;
Zephyranthes candida;Em Perigo;
Zephyranthes capivarina;Vulneravel;
Zephyranthes paranaensis;Em Perigo;
Myracrodruon balansae;Em Perigo;
Schinopsis balansae;Em Perigo;
Anemia blechnoides;Vulneravel;
Anemia dentata;Vulneravel;
Anemia gardneri;Vulneravel;
Anemia trichorhiza;Vulneravel;
Annona maritima;Vulneravel;
Annona parviflora;Em Perigo;
Annona pickelii;Vulneravel;
Annona ubatubensis;Em Perigo;
Duguetia magnolioidea;Em Perigo;
Duguetia restingae;Criticamente em Perigo;
Duguetia reticulata;Em Perigo;
Duguetia scottmorii;Criticamente em Perigo;
Duguetia sooretamae;Em Perigo;
Hornschuchia alba;Criticamente em Perigo;
Hornschuchia cauliflora;Em Perigo;
Hornschuchia obliqua;Em Perigo;
Trigynaea axilliflora;Criticamente em Perigo;
Trigynaea oblongifolia;Em Perigo;
Unonopsis riedeliana;Em Perigo;
Eryngium corallinum;Criticamente em Perigo;
Eryngium divaricatum;Em Perigo;
Eryngium dorae;Criticamente em Perigo;
Eryngium falcifolium;Em Perigo;
Eryngium koehneanum;Vulneravel;
Eryngium ombrophilum;Em Perigo;
Eryngium ramboanum;Criticamente em Perigo;
Eryngium scirpinum;Em Perigo;
Eryngium smithii;Em Perigo;
Eryngium urbanianum;Em Perigo;
Eryngium zosterifolium;Vulneravel;
Klotzschia rhizophylla;Em Perigo;
Lilaeopsis brasiliensis;Vulneravel;
Ditassa arianeae;Em Perigo;
Ditassa auriflora;Criticamente em Perigo;
Ditassa cipoensis;Em Perigo;
Ditassa cordeiroana;Em Perigo;
Ditassa itambensis;Em Perigo;
Ditassa laevis;Em Perigo;
Ditassa leonii;Vulneravel;
Ditassa longisepala;Em Perigo;
Ditassa maricaensis;Em Perigo;
Ditassa oberdanii;Em Perigo;
Gonolobus dorothyanus;Criticamente em Perigo;
Gyrostelma bornmuelleri;Em Perigo;
Gyrostelma oxypetaloides;Em Perigo;
Hemipogon abietoides;Criticamente em Perigo;
Hemipogon furlanii;Em Perigo;
Hemipogon hatschbachii;Criticamente em Perigo;
Hemipogon piranii;Criticamente em Perigo;
Jobinia hatschbachii;Em Perigo;
Macroditassa marianae;Criticamente em Perigo;
Marsdenia otoniensis;Criticamente em Perigo;
Marsdenia queirozii;Em Perigo;
Matelea bahiensis;Em Perigo;
Matelea glaziovii;Vulneravel;
Matelea hatschbachii;Em Perigo;
Matelea marcoassisii;Vulneravel;
Matelea santosii;Em Perigo;
Metastelma giuliettianum;Em Perigo;
Metastelma harleyi;Em Perigo;
Minaria bifurcata;Criticamente em Perigo;
Minaria diamantinensis;Criticamente em Perigo;
Minaria grazielae;Em Perigo;
Minaria harleyi;Em Perigo;
Minaria hemipogonoides;Criticamente em Perigo;
Minaria inconspicua;Em Perigo;
Minaria magisteriana;Em Perigo;
Minaria monocoronata;Criticamente em Perigo;
Minaria polygaloides;Em Perigo;
Minaria refractifolia;Vulneravel;
Minaria semirii;Em Perigo;
Minaria volubilis;Em Perigo;
Monsanima morrenioides;Criticamente em Perigo;
Oxypetalum dusenii;Em Perigo;
Oxypetalum ekblomii;Em Perigo;
Oxypetalum glaziovii;Em Perigo;
Oxypetalum leonii;Em Perigo;
Oxypetalum mexiae;Criticamente em Perigo;
Prestonia solanifolia;Em Perigo;
Tabernaemontana cumata;Em Perigo;
Ilex auricula;Criticamente em Perigo;
Ilex loranthoides;Vulneravel;
Ilex prostrata;Criticamente em Perigo;
Anthurium jureianum;Vulneravel;
Anthurium langsdorffii;Em Perigo;
Anthurium lucidum;Em Perigo;
Anthurium luschnathianum;Em Perigo;
Anthurium radicans;Vulneravel;
Anthurium xanthophylloides;Vulneravel;
Heteropsis flexuosa;Vulneravel;
Philodendron fragile;Em Perigo;
Philodendron spiritus-sancti;Em Perigo;
Hydrocotyle langsdorffii;Em Perigo;
Schefflera aurata;Criticamente em Perigo;
Schefflera gardneri;Em Perigo;
Schefflera glaziovii;Em Perigo;
Schefflera sprucei;Vulneravel;
Schefflera succinea;Em Perigo;
Araucaria angustifolia;Em Perigo;
Acrocomia emensis;Vulneravel;
Allagoptera brevicalyx;Vulneravel;
Attalea barreirensis;Vulneravel;
Attalea brasiliensis;Em Perigo;
Bactris timbuiensis;Em Perigo;
Butia capitata;Vulneravel;
Butia eriospatha;Vulneravel;
Butia leptospatha;Criticamente em Perigo;
Butia microspadix;Vulneravel;
Butia purpurascens;Em Perigo;
Butia yatay;Vulneravel;
Euterpe edulis;Vulneravel;
Lytocaryum insigne;Vulneravel;
Syagrus glaucescens;Vulneravel;
Syagrus macrocarpa;Em Perigo;
Syagrus mendanhensis;Criticamente em Perigo;
Syagrus picrophylla;Vulneravel;
Syagrus ruschiana;Vulneravel;
Aristolochia hypoglauca;Em Perigo;
Aristolochia odora;Criticamente em Perigo;
Gongylanthus liebmannianus;Em Perigo;
Southbya organensis;Criticamente em Perigo;
Asplenium beckeri;Criticamente em Perigo;
Asplenium bradeanum;Em Perigo;
Asplenium castaneum;Em Perigo;
Asplenium schwackei;Criticamente em Perigo;
Asplenium trindadense;Criticamente em Perigo;
Acmella pusilla;Em Perigo;
Acritopappus catolesensis;Vulneravel;
Acritopappus connatifolius;Em Perigo;
Acritopappus irwinii;Vulneravel;
Acritopappus pintoi;Criticamente em Perigo;
Agrianthus almasensis;Em Perigo;
Agrianthus giuliettiae;Em Perigo;
Aldama corumbensis;Em Perigo;
Aldama filifolia;Em Perigo;
Aldama goyazii;Vulneravel;
Aldama linearifolia;Criticamente em Perigo;
Aldama paranensis;Criticamente em Perigo;
Aldama vernonioides;Em Perigo;
Anteremanthus hatschbachii;Em Perigo;
Aspilia almasensis;Vulneravel;
Aspilia belo-horizontinae;Criticamente em Perigo;
Aspilia caudata;Em Perigo;
Aspilia cordifolia;Em Perigo;
Aspilia cylindrocephala;Vulneravel;
Aspilia diamantinae;Em Perigo;
Aspilia diffusiflora;Vulneravel;
Aspilia diniz-cruzeanae;Criticamente em Perigo;
Aspilia eglerii;Criticamente em Perigo;
Aspilia espinhacensis;Em Perigo;
Aspilia grazielae;Em Perigo;
Aspilia jugata;Criticamente em Perigo;
Aspilia ovalifolia;Criticamente em Perigo;
Aspilia pereirae;Em Perigo;
Aspilia prostrata;Em Perigo;
Aspilia reticulata;Vulneravel;
Aspilia silphioides;Em Perigo;
Austroeupatorium rosmarinaceum;Vulneravel;
Baccharis aracatubensis;Em Perigo;
Baccharis concinna;Vulneravel;
Baccharis elliptica;Em Perigo;
Baccharis hypericifolia;Em Perigo;
Baccharis lychnophora;Vulneravel;
Baccharis penningtonii;Vulneravel;
Baccharis polyphylla;Vulneravel;
Baccharis pseudoalpestris;Vulneravel;
Caatinganthus rubropappus;Em Perigo;
Calea abbreviata;Criticamente em Perigo;
Calea acaulis;Vulneravel;
Calea brittoniana;Criticamente em Perigo;
Calea gentianoides;Vulneravel;
Calea heteropappa;Em Perigo;
Calea kristiniae;Em Perigo;
Campuloclinium parvulum;Vulneravel;
Catolesia mentiens;Criticamente em Perigo;
Chaptalia chapadensis;Criticamente em Perigo;
Chaptalia cordifolia;Vulneravel;
Chaptalia hermogenis;Criticamente em Perigo;
Chionolaena lychnophorioides;Vulneravel;
Chresta souzae;Em Perigo;
Chromolaena angusticeps;Em Perigo;
Chromolaena arrayana;Em Perigo;
Chromolaena costatipes;Em Perigo;
Chromolaena rhinanthacea;Em Perigo;
Chronopappus bifrons;Vulneravel;
Chrysolaena nicolackii;Vulneravel;
Cololobus longiangustatus;Em Perigo;
Cololobus rupestris;Em Perigo;
Dendrophorbium catharinense;Vulneravel;
Dendrophorbium paranense;Em Perigo;
Dimerostemma annuum;Em Perigo;
Dimerostemma episcopale;Em Perigo;
Dimerostemma grazielae;Vulneravel;
Dimerostemma myrtifolium;Em Perigo;
Disynaphia ericoides;Em Perigo;
Disynaphia praeficta;Em Perigo;
Disynaphia variolata;Em Perigo;
Echinocoryne echinocephala;Em Perigo;
Eremanthus argenteus;Em Perigo;
Eremanthus leucodendron;Em Perigo;
Eremanthus polycephalus;Vulneravel;
Gochnatia rotundifolia;Vulneravel;
Gyptis vernoniopsis;Em Perigo;
Heterocoma albida;Criticamente em Perigo;
Heterocondylus lysimachioides;Vulneravel;
Hoehnephytum almasense;Em Perigo;
Holocheilus hieracioides;Em Perigo;
Holocheilus monocephalus;Em Perigo;
Hysterionica pinnatiloba;Em Perigo;
Hysterionica pinnatisecta;Criticamente em Perigo;
Ianthopappus corymbosus;Criticamente em Perigo;
Ichthyothere elliptica;Em Perigo;
Lepidaploa almasensis;Criticamente em Perigo;
Lepidaploa gnaphalioides;Em Perigo;
Lepidaploa pseudaurea;Em Perigo;
Lepidaploa spixiana;Em Perigo;
Leptostelma catharinense;Em Perigo;
Lessingianthus adenophyllus;Em Perigo;
Lessingianthus asteriflorus;Em Perigo;
Lessingianthus constrictus;Criticamente em Perigo;
Lessingianthus eitenii;Vulneravel;
Lessingianthus exiguus;Vulneravel;
Lessingianthus irwinii;Vulneravel;
Lessingianthus pumillus;Vulneravel;
Lessingianthus reitzianus;Vulneravel;
Lessingianthus rosmarinifolius;Em Perigo;
Lessingianthus souzae;Em Perigo;
Lessingianthus stoechas;Vulneravel;
Lessingianthus subcarduoides;Em Perigo;
Lessingianthus venosissimus;Em Perigo;
Lessingianthus westermanii;Em Perigo;
Lessingianthus zuccarinianus;Vulneravel;
Lomatozona artemisiifolia;Em Perigo;
Lulia nervosa;Em Perigo;
Lychnophora albertinioides;Criticamente em Perigo;
Lychnophora brunioides;Criticamente em Perigo;
Lychnophora crispa;Em Perigo;
Lychnophora diamantinana;Em Perigo;
Lychnophora gardneri;Em Perigo;
Lychnophora granmogolensis;Em Perigo;
Lychnophora humillima;Criticamente em Perigo;
Lychnophora markgravii;Em Perigo;
Lychnophora martiana;Em Perigo;
Lychnophora mello-barretoi;Em Perigo;
Lychnophora pohlii;Em Perigo;
Lychnophora ramosissima;Vulneravel;
Lychnophora regis;Em Perigo;
Lychnophora reticulata;Em Perigo;
Lychnophora rosmarinifolia;Em Perigo;
Lychnophora santosii;Em Perigo;
Lychnophora sellowii;Em Perigo;
Lychnophora sericea;Criticamente em Perigo;
Lychnophora souzae;Criticamente em Perigo;
Lychnophora syncephala;Em Perigo;
Lychnophora tomentosa;Vulneravel;
Lychnophora villosissima;Em Perigo;
Lychnophoriopsis candelabrum;Em Perigo;
Lychnophoriopsis damazioi;Em Perigo;
Lychnophoriopsis hatschbachii;Em Perigo;
Mikania additicia;Em Perigo;
Mikania alvimii;Em Perigo;
Mikania anethifolia;Em Perigo;
Mikania argyreiae;Vulneravel;
Mikania cipoensis;Em Perigo;
Mikania clematidifolia;Vulneravel;
Mikania dusenii;Criticamente em Perigo;
Mikania firmula;Vulneravel;
Mikania glabra;Em Perigo;
Mikania glauca;Em Perigo;
Mikania hartbergii;Em Perigo;
Mikania hastato-cordata;Vulneravel;
Mikania itambana;Em Perigo;
Mikania neurocaula;Em Perigo;
Mikania oreophila;Em Perigo;
Mikania pinnatiloba;Em Perigo;
Mikania premnifolia;Em Perigo;
Mikania variifolia;Em Perigo;
Mikania viminea;Em Perigo;
Mikania warmingii;Em Perigo;
Minasia alpestris;Em Perigo;
Minasia pereirae;Em Perigo;
Minasia scapigera;Em Perigo;
Monogereion carajensis;Criticamente em Perigo;
Moquiniastrum argyreum;Em Perigo;
Moquiniastrum cordatum;Em Perigo;
Moquiniastrum hatschbachii;Vulneravel;
Moquiniastrum mollissimum;Criticamente em Perigo;
Moquiniastrum ramboi;Vulneravel;
Moquiniastrum sordidum;Vulneravel;
Neocabreria malachophylla;Vulneravel;
Noticastrum hatschbachii;Em Perigo;
Noticastrum malmei;Em Perigo;
Noticastrum psammophilum;Em Perigo;
Panphalea araucariophila;Em Perigo;
Panphalea cardaminifolia;Em Perigo;
Panphalea maxima;Criticamente em Perigo;
Panphalea ramboi;Criticamente em Perigo;
Panphalea smithii;Em Perigo;
Paralychnophora atkinsiae;Em Perigo;
Paralychnophora bicolor;Em Perigo;
Paralychnophora harleyi;Vulneravel;
Paralychnophora patriciana;Em Perigo;
Perezia eryngioides;Em Perigo;
Perezia multiflora;Em Perigo;
Picrosia cabreriana;Criticamente em Perigo;
Piptocarpha robusta;Em Perigo;
Piptolepis buxoides;Em Perigo;
Piptolepis imbricata;Criticamente em Perigo;
Piptolepis leptospermoides;Criticamente em Perigo;
Porophyllum bahiense;Vulneravel;
Proteopsis argentea;Vulneravel;
Richterago angustifolia;Em Perigo;
Richterago arenaria;Vulneravel;
Richterago campestris;Em Perigo;
Richterago caulescens;Criticamente em Perigo;
Richterago conduplicata;Em Perigo;
Richterago elegans;Vulneravel;
Richterago hatschbachii;Em Perigo;
Richterago lanata;Em Perigo;
Richterago petiolata;Em Perigo;
Richterago polyphylla;Em Perigo;
Richterago riparia;Vulneravel;
Richterago stenophylla;Em Perigo;
Richterago suffrutescens;Criticamente em Perigo;
Schlechtendalia luzulifolia;Em Perigo;
Senecio almasensis;Criticamente em Perigo;
Senecio caparaoensis;Em Perigo;
Senecio gertii;Em Perigo;
Senecio graciellae;Em Perigo;
Senecio hatschbachii;Em Perigo;
Senecio heteroschizus;Em Perigo;
Senecio langei;Vulneravel;
Senecio promatensis;Criticamente em Perigo;
Senecio ramboanus;Em Perigo;
Senecio riograndensis;Em Perigo;
Smallanthus araucariophilus;Criticamente em Perigo;
Smallanthus riograndensis;Em Perigo;
Stenachaenium macrocephalum;Criticamente em Perigo;
Stenophalium eriodes;Vulneravel;
Stevia catharinensis;Em Perigo;
Stevia hilarii;Criticamente em Perigo;
Stevia leptophylla;Em Perigo;
Stevia riedelli;Em Perigo;
Stevia selloi;Vulneravel;
Steyermarkina dispalata;Vulneravel;
Stifftia fruticosa;Vulneravel;
Stilpnopappus semirianus;Em Perigo;
Stilpnopappus suffruticosus;Criticamente em Perigo;
Stomatanthes loefgrenii;Criticamente em Perigo;
Strophopappus bicolor;Em Perigo;
Strophopappus ferrugineus;Em Perigo;
Stylotrichium corymbosum;Em Perigo;
Stylotrichium edmundoi;Em Perigo;
Stylotrichium glomeratum;Criticamente em Perigo;
Stylotrichium sucrei;Em Perigo;
Symphyopappus uncinatus;Em Perigo;
Trichocline linearifolia;Vulneravel;
Trixis glaziovii;Vulneravel;
Trixis pallida;Criticamente em Perigo;
Verbesina pseudoclaussenii;Criticamente em Perigo;
Vernonanthura fagifolia;Vulneravel;
Wedelia macedoi;Criticamente em Perigo;
Wunderlichia azulensis;Em Perigo;
Wunderlichia cruelsiana;Em Perigo;
Wunderlichia senae;Em Perigo;
Begonia albidula;Em Perigo;
Begonia altamiroi;Em Perigo;
Begonia apparicioi;Em Perigo;
Begonia bahiensis;Em Perigo;
Begonia besleriifolia;Em Perigo;
Begonia coccinea;Em Perigo;
Begonia crispula;Criticamente em Perigo;
Begonia curtii;Vulneravel;
Begonia dentatiloba;Em Perigo;
Begonia espiritosantensis;Em Perigo;
Begonia handroi;Em Perigo;
Begonia ibitiocensis;Em Perigo;
Begonia inconspicua;Criticamente em Perigo;
Begonia itaguassuensis;Em Perigo;
Begonia itatinensis;Em Perigo;
Begonia jureiensis;Criticamente em Perigo;
Begonia kuhlmannii;Em Perigo;
Begonia larorum;Em Perigo;
Begonia organensis;Em Perigo;
Begonia paranaensis;Em Perigo;
Begonia paulensis;Em Perigo;
Begonia perdusenii;Em Perigo;
Begonia piresiana;Criticamente em Perigo;
Begonia pluvialis;Em Perigo;
Begonia polygonifolia;Em Perigo;
Begonia ruschii;Criticamente em Perigo;
Begonia salesopolensis;Criticamente em Perigo;
Begonia santoslimae;Em Perigo;
Begonia scharffii;Criticamente em Perigo;
Begonia smilacina;Em Perigo;
Begonia stenolepis;Em Perigo;
Begonia sylvatica;Em Perigo;
Begonia toledoana;Em Perigo;
Begonia undulata;Em Perigo;
Begonia venosa;Criticamente em Perigo;
Begonia vicina;Em Perigo;
Berberis campos-portoi;Criticamente em Perigo;
Berberis kleinii;Vulneravel;
Adenocalymma dichilum;Em Perigo;
Adenocalymma fruticosum;Em Perigo;
Adenocalymma magnoalatum;Em Perigo;
Adenocalymma ubatubense;Criticamente em Perigo;
Anemopaegma arvense;Em Perigo;
Anemopaegma mirabile;Criticamente em Perigo;
Digomphia densicoma;Vulneravel;
Fridericia crassa;Vulneravel;
Handroanthus arianeae;Em Perigo;
Handroanthus riodocensis;Em Perigo;
Handroanthus spongiosus;Em Perigo;
Jacaranda carajasensis;Criticamente em Perigo;
Jacaranda crassifolia;Em Perigo;
Jacaranda egleri;Criticamente em Perigo;
Jacaranda grandifoliolata;Em Perigo;
Jacaranda intricata;Criticamente em Perigo;
Jacaranda microcalyx;Em Perigo;
Jacaranda rugosa;Em Perigo;
Paratecoma peroba;Em Perigo;
Pleonotoma bracteata;Vulneravel;
Sparattosperma catingae;Em Perigo;
Tabebuia cassinoides;Em Perigo;
Zeyheria tuberculosa;Vulneravel;
Blechnum andinum;Criticamente em Perigo;
Blechnum heringeri;Vulneravel;
Blechnum sprucei;Vulneravel;
Blechnum squamipes;Em Perigo;
Aechmea alopecurus;Em Perigo;
Aechmea amicorum;Em Perigo;
Aechmea apocalyptica;Vulneravel;
Aechmea azurea;Vulneravel;
Aechmea bambusoides;Vulneravel;
Aechmea cariocae;Em Perigo;
Aechmea castanea;Em Perigo;
Aechmea depressa;Em Perigo;
Aechmea echinata;Em Perigo;
Aechmea fosteriana;Em Perigo;
Aechmea gustavoi;Criticamente em Perigo;
Aechmea kertesziae;Em Perigo;
Aechmea kleinii;Em Perigo;
Aechmea macrochlamys;Em Perigo;
Aechmea marginalis;Criticamente em Perigo;
Aechmea muricata;Em Perigo;
Aechmea mutica;Em Perigo;
Aechmea orlandiana;Criticamente em Perigo;
Aechmea sphaerocephala;Em Perigo;
Aechmea triangularis;Em Perigo;
Aechmea vanhoutteana;Vulneravel;
Aechmea werdermannii;Em Perigo;
Aechmea winkleri;Criticamente em Perigo;
Alcantarea benzingii;Criticamente em Perigo;
Alcantarea duarteana;Em Perigo;
Alcantarea farneyi;Criticamente em Perigo;
Alcantarea geniculata;Em Perigo;
Alcantarea glaziouana;Em Perigo;
Alcantarea imperialis;Vulneravel;
Alcantarea nahoumii;Vulneravel;
Alcantarea nevaresii;Em Perigo;
Alcantarea vinicolor;Em Perigo;
Araeococcus montanus;Em Perigo;
Billbergia brasiliensis;Em Perigo;
Bromelia braunii;Criticamente em Perigo;
Bromelia macedoi;Vulneravel;
Canistropsis albiflora;Vulneravel;
Canistropsis elata;Criticamente em Perigo;
Canistrum alagoanum;Em Perigo;
Canistrum aurantiacum;Em Perigo;
Canistrum camacaense;Em Perigo;
Canistrum fosterianum;Criticamente em Perigo;
Canistrum guzmanioides;Em Perigo;
Canistrum montanum;Em Perigo;
Canistrum pickelii;Vulneravel;
Canistrum triangulare;Em Perigo;
Cryptanthus burle-marxii;Vulneravel;
Cryptanthus capitatus;Em Perigo;
Cryptanthus caracensis;Criticamente em Perigo;
Cryptanthus caulescens;Em Perigo;
Cryptanthus coriaceus;Em Perigo;
Cryptanthus dorothyae;Em Perigo;
Cryptanthus exaltatus;Em Perigo;
Cryptanthus fernseeoides;Criticamente em Perigo;
Cryptanthus fosterianus;Criticamente em Perigo;
Cryptanthus glazioui;Criticamente em Perigo;
Cryptanthus maritimus;Em Perigo;
Cryptanthus minarum;Em Perigo;
Cryptanthus odoratissimus;Em Perigo;
Cryptanthus pseudoscaposus;Em Perigo;
Cryptanthus roberto-kautskyi;Criticamente em Perigo;
Cryptanthus scaposus;Em Perigo;
Cryptanthus whitmanii;Criticamente em Perigo;
Cryptanthus zonatus;Vulneravel;
Deuterocohnia meziana;Vulneravel;
Dyckia agudensis;Criticamente em Perigo;
Dyckia cabrerae;Em Perigo;
Dyckia delicata;Criticamente em Perigo;
Dyckia distachya;Criticamente em Perigo;
Dyckia domfelicianensis;Criticamente em Perigo;
Dyckia fosteriana;Em Perigo;
Dyckia hatschbachii;Criticamente em Perigo;
Dyckia ibicuiensis;Criticamente em Perigo;
Dyckia ibiramensis;Em Perigo;
Dyckia maritima;Em Perigo;
Dyckia monticola;Criticamente em Perigo;
Dyckia pseudococcinea;Criticamente em Perigo;
Dyckia rariflora;Em Perigo;
Dyckia reitzii;Em Perigo;
Dyckia remotiflora;Em Perigo;
Dyckia ursina;Criticamente em Perigo;
Eduandrea selloana;Em Perigo;
Encholirium biflorum;Criticamente em Perigo;
Encholirium disjunctum;Criticamente em Perigo;
Encholirium gracile;Em Perigo;
Encholirium heloisae;Em Perigo;
Encholirium horridum;Em Perigo;
Encholirium irwinii;Criticamente em Perigo;
Encholirium longiflorum;Criticamente em Perigo;
Encholirium luxor;Em Perigo;
Encholirium pedicellatum;Criticamente em Perigo;
Encholirium scrutor;Em Perigo;
Encholirium vogelii;Criticamente em Perigo;
Fernseea bocainensis;Criticamente em Perigo;
Fernseea itatiaiae;Em Perigo;
Guzmania monostachia;Vulneravel;
Guzmania sanguinea;Em Perigo;
Hohenbergia castellanosii;Em Perigo;
Hohenbergia correia;Criticamente em Perigo;
Hohenbergia littoralis;Em Perigo;
Lapanthus duartei;Em Perigo;
Lymania alvimii;Em Perigo;
Lymania azurea;Em Perigo;
Lymania brachycaulis;Em Perigo;
Lymania corallina;Em Perigo;
Lymania globosa;Em Perigo;
Lymania spiculata;Criticamente em Perigo;
Neoregelia angustibracteolata;Criticamente em Perigo;
Neoregelia brownii;Criticamente em Perigo;
Neoregelia hoehneana;Em Perigo;
Neoregelia inexspectata;Em Perigo;
Neoregelia leprosa;Vulneravel;
Neoregelia menescalii;Em Perigo;
Neoregelia oligantha;Vulneravel;
Neoregelia paulistana;Em Perigo;
Neoregelia pernambucana;Em Perigo;
Neoregelia ruschii;Em Perigo;
Neoregelia sanguinea;Em Perigo;
Nidularium atalaiaense;Em Perigo;
Nidularium azureum;Em Perigo;
Nidularium bocainense;Em Perigo;
Nidularium corallinum;Em Perigo;
Nidularium ferrugineum;Criticamente em Perigo;
Nidularium itatiaiae;Em Perigo;
Nidularium jonesianum;Em Perigo;
Nidularium kautskyanum;Em Perigo;
Nidularium mangaratibense;Criticamente em Perigo;
Nidularium minutum;Vulneravel;
Nidularium organense;Em Perigo;
Nidularium rosulatum;Vulneravel;
Nidularium serratum;Vulneravel;
Nidularium utriculosum;Vulneravel;
Orthophytum amoenum;Em Perigo;
Orthophytum duartei;Em Perigo;
Orthophytum foliosum;Vulneravel;
Orthophytum fosterianum;Em Perigo;
Orthophytum grossiorum;Em Perigo;
Orthophytum humile;Criticamente em Perigo;
Orthophytum magalhaesii;Em Perigo;
Orthophytum zanonii;Criticamente em Perigo;
Pitcairnia albiflos;Em Perigo;
Pitcairnia bradei;Criticamente em Perigo;
Pitcairnia burle;Criticamente em Perigo;
Pitcairnia decidua;Em Perigo;
Pitcairnia encholirioides;Em Perigo;
Pitcairnia glaziovii;Em Perigo;
Pitcairnia limae;Criticamente em Perigo;
Portea alatisepala;Vulneravel;
Portea fosteriana;Em Perigo;
Portea grandiflora;Vulneravel;
Portea kermesina;Em Perigo;
Portea nana;Em Perigo;
Quesnelia kautskyi;Vulneravel;
Quesnelia seideliana;Em Perigo;
Tillandsia afonsoana;Criticamente em Perigo;
Tillandsia araujei;Em Perigo;
Tillandsia brachyphylla;Em Perigo;
Tillandsia crocata;Em Perigo;
Tillandsia grazielae;Em Perigo;
Tillandsia heubergeri;Vulneravel;
Tillandsia jonesii;Criticamente em Perigo;
Tillandsia kautskyi;Vulneravel;
Tillandsia neglecta;Criticamente em Perigo;
Tillandsia reclinata;Criticamente em Perigo;
Tillandsia sucrei;Criticamente em Perigo;
Tillandsia xiphioides;Em Perigo;
Vriesea altimontana;Em Perigo;
Vriesea altomacaensis;Criticamente em Perigo;
Vriesea amadoi;Criticamente em Perigo;
Vriesea amethystina;Criticamente em Perigo;
Vriesea arachnoidea;Em Perigo;
Vriesea biguassuensis;Em Perigo;
Vriesea bleherae;Criticamente em Perigo;
Vriesea botafogensis;Criticamente em Perigo;
Vriesea brassicoides;Em Perigo;
Vriesea cacuminis;Em Perigo;
Vriesea calimaniana;Criticamente em Perigo;
Vriesea cearensis;Em Perigo;
Vriesea costae;Criticamente em Perigo;
Vriesea delicatula;Vulneravel;
Vriesea diamantinensis;Em Perigo;
Vriesea eltoniana;Em Perigo;
Vriesea funebris;Em Perigo;
Vriesea gracilior;Vulneravel;
Vriesea harrylutheri;Criticamente em Perigo;
Vriesea kautskyana;Vulneravel;
Vriesea leptantha;Criticamente em Perigo;
Vriesea longistaminea;Criticamente em Perigo;
Vriesea menescalii;Em Perigo;
Vriesea minarum;Em Perigo;
Vriesea monacorum;Criticamente em Perigo;
Vriesea pastuchoffiana;Em Perigo;
Vriesea penduliflora;Em Perigo;
Vriesea pinottii;Em Perigo;
Vriesea racinae;Em Perigo;
Vriesea rubyae;Criticamente em Perigo;
Vriesea saxicola;Em Perigo;
Vriesea sazimae;Vulneravel;
Vriesea sucrei;Em Perigo;
Vriesea wawranea;Em Perigo;
Vriesea weberi;Criticamente em Perigo;
Wittrockia superba;Em Perigo;
Pringleella subulata;Em Perigo;
Bursera simaruba;Vulneravel;
Dacryodes edilsonii;Em Perigo;
Protium bahianum;Em Perigo;
Protium giganteum;Vulneravel;
Protium icicariba;Em Perigo;
Protium inodorum;Em Perigo;
Tetragastris occhionii;Em Perigo;
Trattinnickia ferruginea;Em Perigo;
Trattinnickia mensalis;Em Perigo;
Arrojadoa bahiensis;Em Perigo;
Arrojadoa eriocaulis;Em Perigo;
Arthrocereus glaziovii;Em Perigo;
Arthrocereus melanurus;Em Perigo;
Arthrocereus melanurus;Em Perigo;
Arthrocereus melanurus;Em Perigo;
Arthrocereus rondonianus;Em Perigo;
Brasilicereus markgrafii;Em Perigo;
Cereus mirabella;Vulneravel;
Cipocereus bradei;Vulneravel;
Cipocereus crassisepalus;Em Perigo;
Cipocereus laniflorus;Em Perigo;
Cipocereus minensis;Vulneravel;
Cipocereus pusilliflorus;Criticamente em Perigo;
Coleocephalocereus buxbaumianus;Vulneravel;
Coleocephalocereus purpureus;Em Perigo;
Discocactus bahiensis;Vulneravel;
Discocactus catingicola;Vulneravel;
Discocactus horstii;Criticamente em Perigo;
Discocactus pseudoinsignis;Criticamente em Perigo;
Discocactus zehntneri;Vulneravel;
Echinopsis calochlora;Criticamente em Perigo;
Echinopsis oxygona;Em Perigo;
Espostoopsis dybowskii;Em Perigo;
Facheiroa cephaliomelana;Em Perigo;
Facheiroa cephaliomelana;Em Perigo;
Facheiroa ulei;Em Perigo;
Frailea buenekeri;Em Perigo;
Frailea castanea;Em Perigo;
Frailea mammifera;Criticamente em Perigo;
Frailea phaeodisca;Em Perigo;
Frailea pumila;Vulneravel;
Frailea pygmaea;Vulneravel;
Gymnocalycium denudatum;Em Perigo;
Hatiora herminiae;Vulneravel;
Melocactus azureus;Em Perigo;
Melocactus conoideus;Criticamente em Perigo;
Melocactus deinacanthus;Criticamente em Perigo;
Melocactus ferreophilus;Em Perigo;
Melocactus glaucescens;Em Perigo;
Melocactus lanssensianus;Em Perigo;
Melocactus pachyacanthus;Em Perigo;
Melocactus paucispinus;Vulneravel;
Melocactus violaceus;Vulneravel;
Melocactus violaceus;Em Perigo;
Micranthocereus albicephalus;Em Perigo;
Micranthocereus auriazureus;Em Perigo;
Micranthocereus dolichospermaticus;Em Perigo;
Micranthocereus polyanthus;Em Perigo;
Micranthocereus streckeri;Criticamente em Perigo;
Micranthocereus violaciflorus;Em Perigo;
Parodia concinna;Em Perigo;
Parodia crassigibba;Em Perigo;
Parodia erinacea;Em Perigo;
Parodia mammulosa;Em Perigo;
Parodia oxycostata;Vulneravel;
Parodia rechensis;Criticamente em Perigo;
Parodia scopa;Em Perigo;
Pereskia aureiflora;Vulneravel;
Pilosocereus aurisetus;Em Perigo;
Pilosocereus azulensis;Criticamente em Perigo;
Pilosocereus floccosus;Em Perigo;
Pilosocereus fulvilanatus;Em Perigo;
Pilosocereus glaucochrous;Vulneravel;
Pilosocereus magnificus;Em Perigo;
Pilosocereus multicostatus;Em Perigo;
Rhipsalis cereoides;Criticamente em Perigo;
Rhipsalis pacheco-leonis;Em Perigo;
Rhipsalis paradoxa;Em Perigo;
Schlumbergera kautskyi;Em Perigo;
Schlumbergera microsphaerica;Vulneravel;
Schlumbergera opuntioides;Vulneravel;
Tacinga braunii;Vulneravel;
Uebelmannia buiningii;Criticamente em Perigo;
Uebelmannia gummifera;Vulneravel;
Uebelmannia pectinifera;Em Perigo;
Kielmeyera occhioniana;Em Perigo;
Kielmeyera rufotomentosa;Criticamente em Perigo;
Kielmeyera rupestris;Criticamente em Perigo;
Kielmeyera sigillata;Criticamente em Perigo;
Boopis bupleuroides;Em Perigo;
Boopis itatiaiae;Em Perigo;
Lobelia hilaireana;Em Perigo;
Lobelia langeana;Em Perigo;
Lobelia santos;Criticamente em Perigo;
Valeriana glaziovii;Em Perigo;
Valeriana glechomifolia;Em Perigo;
Valeriana organensis;Criticamente em Perigo;
Valeriana reitziana;Vulneravel;
Valeriana tajuvensis;Vulneravel;
Maytenus acanthophylla;Vulneravel;
Maytenus basidentata;Criticamente em Perigo;
Maytenus quadrangulata;Em Perigo;
Maytenus rupestris;Vulneravel;
Peritassa longifolia;Vulneravel;
Peritassa sadleri;Criticamente em Perigo;
Salacia mosenii;Criticamente em Perigo;
Tontelea lanceolata;Em Perigo;
Tontelea martiana;Em Perigo;
Couepia belemii;Vulneravel;
Couepia carautae;Em Perigo;
Couepia joaquinae;Criticamente em Perigo;
Couepia leitaofilhoi;Vulneravel;
Couepia meridionalis;Criticamente em Perigo;
Couepia schottii;Em Perigo;
Exellodendron gracile;Em Perigo;
Hirtella insignis;Em Perigo;
Hirtella parviunguis;Criticamente em Perigo;
Hirtella santosii;Em Perigo;
Licania arianeae;Em Perigo;
Licania belemii;Em Perigo;
Licania conferruminata;Criticamente em Perigo;
Licania indurata;Em Perigo;
Parinari brasiliensis;Em Perigo;
Helianthemum brasiliense;Em Perigo;
Clusia aemygdioi;Em Perigo;
Buchenavia parvifolia subsp. Rabelloana;Vulneravel;
Combretum rupicola;Criticamente em Perigo;
Terminalia acuminata;Em Perigo;
Dichorisandra acaulis;Em Perigo;
Dichorisandra glaziovii;Vulneravel;
Dichorisandra leucophthalmos;Vulneravel;
Dichorisandra neglecta;Criticamente em Perigo;
Siderasis fuscata;Em Perigo;
Rourea pseudospadicea;Em Perigo;
Rourea cnestidifolia;Em Perigo;
Evolvulus chrysotrichos;Em Perigo;
Evolvulus glaziovii;Vulneravel;
Evolvulus kramerioides;Vulneravel;
Evolvulus rariflorus;Vulneravel;
Evolvulus riedelii;Em Perigo;
Evolvulus stellariifolius;Em Perigo;
Ipomoea carajasensis;Vulneravel;
Ipomoea cavalcantei;Em Perigo;
Ipomoea daturiflora;Vulneravel;
Ipomoea macedoi;Criticamente em Perigo;
Ipomoea subrevoluta;Vulneravel;
Jacquemontia cephalantha;Vulneravel;
Jacquemontia revoluta;Em Perigo;
Merremia repens;Em Perigo;
Crassula peduncularis;Criticamente em Perigo;
Asplundia polymera;Vulneravel;
Bulbostylis distichoides;Vulneravel;
Bulbostylis nesiotis;Vulneravel;
Bulbostylis smithii;Em Perigo;
Cyperus atlanticus;Vulneravel;
Hypolytrum amorimii;Criticamente em Perigo;
Hypolytrum bahiense;Em Perigo;
Hypolytrum lucennoi;Vulneravel;
Hypolytrum paraense;Em Perigo;
Lagenocarpus bracteosus;Em Perigo;
Pleurostachys pilulifera;Criticamente em Perigo;
Scleria balansae;Vulneravel;
Trilepis tenuis;Criticamente em Perigo;
Stephanopodium engleri;Em Perigo;
Stephanopodium magnifolium;Criticamente em Perigo;
Dicksonia sellowiana;Em Perigo;
Atractylocarpus brasiliensis;Em Perigo;
Atractylocarpus longisetus;Em Perigo;
Campylopus densicoma;Em Perigo;
Davilla glaziovii;Criticamente em Perigo;
Davilla macrocarpa;Vulneravel;
Doliocarpus lancifolius;Em Perigo;
Dioscorea asperula;Vulneravel;
Dioscorea loefgrenii;Vulneravel;
Dioscorea mantiqueirensis;Criticamente em Perigo;
Dioscorea pseudomacrocapsa;Em Perigo;
Dioscorea sanpaulensis;Em Perigo;
Dioscorea trilinguis;Em Perigo;
Chrysoblastella chilensis;Em Perigo;
Drosera graomogolensis;Em Perigo;
Elaphoglossum acrocarpum;Vulneravel;
Elaphoglossum amplissimum;Em Perigo;
Elaphoglossum beckeri;Criticamente em Perigo;
Megalastrum wacketii;Em Perigo;
Polystichum bradei;Em Perigo;
Sloanea obtusifolia;Em Perigo;
Ephedra tweediana;Vulneravel;
Gaultheria sleumeriana;Criticamente em Perigo;
Gaylussacia angulata;Em Perigo;
Gaylussacia caparoensis;Em Perigo;
Gaylussacia centunculifolia;Em Perigo;
Gaylussacia harleyi;Vulneravel;
Gaylussacia oleifolia;Em Perigo;
Gaylussacia pruinosa;Criticamente em Perigo;
Gaylussacia retivenia;Criticamente em Perigo;
Gaylussacia setosa;Criticamente em Perigo;
Actinocephalus cipoensis;Criticamente em Perigo;
Actinocephalus claussenianus;Vulneravel;
Comanthera bahiensis;Em Perigo;
Comanthera brasiliana;Criticamente em Perigo;
Comanthera elegans;Em Perigo;
Comanthera harleyi;Vulneravel;
Comanthera mucugensis;Em Perigo;
Leiothrix echinocephala;Vulneravel;
Paepalanthus ater;Criticamente em Perigo;
Paepalanthus hydra;Em Perigo;
Syngonanthus itambeensis;Em Perigo;
Syngonanthus laricifolius;Vulneravel;
Erythroxylum bezerrae;Em Perigo;
Erythroxylum catharinense;Em Perigo;
Erythroxylum compressum;Em Perigo;
Erythroxylum leal-costae;Criticamente em Perigo;
Erythroxylum mattos-silvae;Em Perigo;
Erythroxylum membranaceum;Em Perigo;
Erythroxylum nelson-rosae;Em Perigo;
Erythroxylum pauferrense;Em Perigo;
Erythroxylum petrae-caballi;Vulneravel;
Erythroxylum substriatum;Vulneravel;
Erythroxylum tianguanum;Criticamente em Perigo;
Escallonia obtusissima;Vulneravel;
Escallonia petrophila;Em Perigo;
Adenophaedra cearensis;Criticamente em Perigo;
Algernonia dimitrii;Criticamente em Perigo;
Algernonia kuhlmannii;Criticamente em Perigo;
Astraea cincta;Em Perigo;
Bernardia confertifolia;Em Perigo;
Bernardia crassifolia;Em Perigo;
Caperonia buettneriacea;Vulneravel;
Chiropetalum foliosum;Em Perigo;
Chiropetalum gymnadenium;Vulneravel;
Croton leptobotryus;Vulneravel;
Dalechampia purpurata;Em Perigo;
Dalechampia riparia;Criticamente em Perigo;
Euphorbia appariciana;Em Perigo;
Euphorbia attastoma;Em Perigo;
Euphorbia crossadenia;Em Perigo;
Euphorbia gymnoclada;Vulneravel;
Euphorbia holochlorina;Criticamente em Perigo;
Manihot procumbens;Vulneravel;
Aeschynomene fructipendula;Em Perigo;
Aeschynomene laca-buendiana;Em Perigo;
Albizia burkartiana;Vulneravel;
Albizia glabripetala;Em Perigo;
Amburana acreana;Vulneravel;
Apuleia leiocarpa;Vulneravel;
Arachis villosa;Em Perigo;
Bauhinia integerrima;Em Perigo;
Caesalpinia echinata;Em Perigo;
Calliandra carrascana;Em Perigo;
Centrolobium paraense;Em Perigo;
Centrosema carajasense;Vulneravel;
Chamaecrista anamariae;Em Perigo;
Chamaecrista atroglandulosa;Em Perigo;
Chamaecrista catolesensis;Vulneravel;
hamaecrista cipoana;Vulneravel;
Chamaecrista fodinarum;Vulneravel;
Chamaecrista lagotois;Criticamente em Perigo;
Chamaecrista stillifera;Vulneravel;
Chamaecrista tephrosiifolia;Vulneravel;
Chamaecrista ulmea;Criticamente em Perigo;
Dalbergia elegans;Vulneravel;
Dalbergia nigra;Vulneravel;
Desmodium craspediferum;Em Perigo;
Dimorphandra wilsonii;Criticamente em Perigo;
Gleditsia amorphoides;Vulneravel;
Harpalyce lanata;Em Perigo;
Harpalyce parvifolia;Em Perigo;
Hymenaea parvifolia;Vulneravel;
Hymenolobium excelsum;Vulneravel;
Inga aptera;Vulneravel;
Inga arenicola;Em Perigo;
Inga enterolobioides;Criticamente em Perigo;
Inga grazielae;Vulneravel;
Inga maritima;Vulneravel;
Inga mendoncaei;Vulneravel;
Inga pedunculata;Criticamente em Perigo;
Inga platyptera;Vulneravel;
Inga pleiogyna;Vulneravel;
Inga praegnans;Vulneravel;
Inga suborbicularis;Vulneravel;
Inga unica;Vulneravel;
Lathyrus acutifolius;Criticamente em Perigo;
Lathyrus paraguariensis;Vulneravel;
Leucochloron foederale;Em Perigo;
Leucochloron minarum;Em Perigo;
Lupinus coriaceus;Vulneravel;
Lupinus decurrens;Em Perigo;
Lupinus laevigatus;Em Perigo;
Machaerium obovatum;Vulneravel;
Macrosamanea prancei;Vulneravel;
Melanoxylon brauna;Vulneravel;
Mimosa acroconica;Em Perigo;
Mimosa adamantina;Em Perigo;
Mimosa balduinii;Em Perigo;
Mimosa barretoi;Em Perigo;
Mimosa bathyrrhena;Em Perigo;
Mimosa bombycina;Em Perigo;
Mimosa bracteolaris;Vulneravel;
Mimosa catharinensis;Em Perigo;
Mimosa chrysastra;Criticamente em Perigo;
Mimosa hatschbachii;Em Perigo;
Mimosa heringeri;Em Perigo;
Mimosa involucrata;Em Perigo;
Mimosa leprosa;Em Perigo;
Mimosa lithoreas;Em Perigo;
Mimosa macedoana;Em Perigo;
Mimosa mensicola;Em Perigo;
Mimosa montis;Em Perigo;
Mimosa myuros;Vulneravel;
Mimosa paucifolia;Vulneravel;
Mimosa psittacina;Em Perigo;
Mimosa skinneri;Criticamente em Perigo;
Mimosa suburbana;Criticamente em Perigo;
Mimosa thomista;Em Perigo;
Mimosa uniceps;Em Perigo;
Mimosa urticaria;Em Perigo;
Moldenhawera papillanthera;Vulneravel;
Neptunia pubescens;Vulneravel;
Peltogyne maranhensis;Vulneravel;
Sellocharis paradoxa;Vulneravel;
Swartzia glazioviana;Vulneravel;
Swartzia linharensis;Vulneravel;
Tachigali beaurepairei;Vulneravel;
Vicia pampicola;Criticamente em Perigo;
Vouacapoua americana;Em Perigo;
Zollernia magnifica;Vulneravel;
Mostuea muricata;Vulneravel;
Prepusa hookeriana;Em Perigo;
Prepusa viridiflora;Em Perigo;
Senaea coerulea;Em Perigo;
Senaea janeirensis;Em Perigo;
Zygostigma australe;Em Perigo;
Besleria umbrosa;Vulneravel;
Codonanthe carnosa;Vulneravel;
Codonanthe venosa;Vulneravel;
Goyazia petraea;Em Perigo;
Nematanthus monanthos;Em Perigo;
Paliavana werdermannii;Vulneravel;
Sinningia aghensis;Em Perigo;
Sinningia araneosa;Vulneravel;
Sinningia carangolensis;Em Perigo;
Sinningia cardinalis;Criticamente em Perigo;
Sinningia cochlearis;Criticamente em Perigo;
Sinningia defoliata;Vulneravel;
Sinningia glazioviana;Criticamente em Perigo;
Sinningia guttata;Em Perigo;
Sinningia harleyi;Em Perigo;
Sinningia hatschbachii;Em Perigo;
Sinningia hirsuta;Em Perigo;
Sinningia iarae;Em Perigo;
Sinningia insularis;Em Perigo;
Sinningia kautskyi;Vulneravel;
Sinningia lindleyi;Em Perigo;
Sinningia lineata;Em Perigo;
Sinningia micans;Em Perigo;
Sinningia piresiana;Em Perigo;
Sinningia rupicola;Em Perigo;
Sinningia striata;Vulneravel;
Sinningia tuberosa;Vulneravel;
Sinningia valsuganensis;Em Perigo;
Sinningia villosa;Em Perigo;
Sphaerorrhiza burchellii;Em Perigo;
Vanhouttea lanata;Em Perigo;
Vanhouttea leonii;Em Perigo;
Vanhouttea pendula;Em Perigo;
Gunnera herteri;Em Perigo;
Braunia plicata;Vulneravel;
Humiriastrum spiritu-sancti;Criticamente em Perigo;
Hymenophyllum sampaioanum;Criticamente em Perigo;
Hymenophyllum silveirae;Criticamente em Perigo;
Hypericum mutilum;Vulneravel;
Pseudotrimezia brevistamina;Criticamente em Perigo;
Pseudotrimezia concava;Criticamente em Perigo;
Pseudotrimezia elegans;Criticamente em Perigo;
Pseudotrimezia gracilis;Criticamente em Perigo;
Pseudotrimezia synandra;Em Perigo;
Pseudotrimezia tenuissima;Em Perigo;
Trimezia exillima;Em Perigo;
Trimezia fistulosa;Em Perigo;
Trimezia fistulosa;Criticamente em Perigo;
Trimezia plicatifolia;Em Perigo;
Isoetes bradei;Em Perigo;
Isoetes luetzelburgii;Em Perigo;
Jungermannia decolor;Em Perigo;
Cyanocephalus apertiflorus;Vulneravel;
Cyanocephalus caprariifolius;Em Perigo;
Cyanocephalus delicatulus;Em Perigo;
Cyanocephalus digitatus;Em Perigo;
Cyanocephalus tagetifolius;Em Perigo;
Cyanocephalus viaticus;Em Perigo;
Eriope anamariae;Em Perigo;
Eriope blanchetii;Vulneravel;
Eriope crassipes;Criticamente em Perigo;
Eriope luetzelburgii;Vulneravel;
Eriope machrisae;Em Perigo;
Eriope obovata;Em Perigo;
Hesperozygis ringens;Vulneravel;
Hypenia aristulata;Criticamente em Perigo;
Hypenia crispata;Em Perigo;
Hypenia micrantha;Em Perigo;
Hypenia subrosea;Em Perigo;
Hyptidendron claussenii;Em Perigo;
Hyptidendron conspersum;Em Perigo;
Hyptis alpestris;Em Perigo;
Hyptis angustifolia;Em Perigo;
Hyptis arenaria;Vulneravel;
Hyptis bahiensis;Em Perigo;
Hyptis colligata;Em Perigo;
Hyptis cruciformis;Em Perigo;
Hyptis frondosa;Vulneravel;
Hyptis hamatidens;Vulneravel;
Hyptis imbricatiformis;Em Perigo;
Hyptis pachyphylla;Vulneravel;
Hyptis penaeoides;Em Perigo;
Hyptis rhypidiophylla;Em Perigo;
Leptohyptis pinheiroi;Em Perigo;
Martianthus sancti;Em Perigo;
Medusantha carvalhoi;Vulneravel;
Oocephalus piranii;Criticamente em Perigo;
Aiouea benthamiana;Em Perigo;
Aiouea bracteata;Vulneravel;
Aiouea lehmannii;Em Perigo;
Aniba ferrea;Vulneravel;
Aniba rosaeodora;Em Perigo;
Aniba santalodora;Vulneravel;
Beilschmiedia rigida;Em Perigo;
Cinnamomum erythropus;Em Perigo;
Cinnamomum hatschbachii;Vulneravel;
Cinnamomum quadrangulum;Vulneravel;
Dicypellium caryophyllaceum;Criticamente em Perigo;
Mezilaurus itauba;Vulneravel;
Mezilaurus navalium;Em Perigo;
Nectandra barbellata;Vulneravel;
Nectandra grisea;Vulneravel;
Nectandra paranaensis;Vulneravel;
Ocotea basicordatifolia;Em Perigo;
Ocotea beulahiae;Em Perigo;
Ocotea beyrichii;Vulneravel;
Ocotea bragai;Em Perigo;
Ocotea catharinensis;Vulneravel;
Ocotea confertiflora;Vulneravel;
Ocotea cryptocarpa;Em Perigo;
Ocotea felix;Em Perigo;
Ocotea mosenii;Vulneravel;
Ocotea odorifera;Em Perigo;
Ocotea porosa;Em Perigo;
Ocotea serrana;Em Perigo;
Ocotea tabacifolia;Em Perigo;
Persea glabra;Criticamente em Perigo;
Persea obovata;Criticamente em Perigo;
Persea pedunculosa;Em Perigo;
Rhodostemonodaphne capixabensis;Em Perigo;
Rhodostemonodaphne parvifolia;Criticamente em Perigo;
Rhodostemonodaphne recurva;Em Perigo;
Urbanodendron bahiense;Vulneravel;
Williamodendron cinnamomeum;Criticamente em Perigo;
Bertholletia excelsa;Vulneravel;
Cariniana ianeirensis;Em Perigo;
Cariniana legalis;Em Perigo;
Cariniana parvifolia;Em Perigo;
Couratari asterotricha;Em Perigo;
Couratari pyramidata;Em Perigo;
Eschweilera alvimii;Em Perigo;
Eschweilera compressa;Em Perigo;
Eschweilera subcordata;Em Perigo;
Eschweilera tetrapetala;Em Perigo;
Lecythis schwackei;Em Perigo;
Blepharolejeunea securifolia;Em Perigo;
Bromeliophila natans;Em Perigo;
Drepanolejeunea aculeata;Em Perigo;
Myriocoleopsis fluviatilis;Vulneravel;
Genlisea lobata;Em Perigo;
Utricularia tridentata;Vulneravel;
Paracromastigum dusenii;Em Perigo;
Linum smithii;Em Perigo;
Aosa uleana;Criticamente em Perigo;
Spigelia aceifolia;Em Perigo;
Spigelia amplexicaulis;Em Perigo;
Spigelia cipoensis;Criticamente em Perigo;
Spigelia flava;Vulneravel;
Spigelia kuhlmannii;Em Perigo;
Spigelia lundiana;Em Perigo;
Spigelia reitzii;Em Perigo;
Spigelia vestita;Em Perigo;
Diphasium jussiaei;Em Perigo;
Palhinhaea bradei;Em Perigo;
Phlegmariurus aqualupianus;Em Perigo;
Phlegmariurus christii;Em Perigo;
Phlegmariurus hemleri;Criticamente em Perigo;
Phlegmariurus itambensis;Em Perigo;
Phlegmariurus martii;Em Perigo;
Phlegmariurus mollicomus;Em Perigo;
Phlegmariurus mooreanus;Em Perigo;
Phlegmariurus nudus;Em Perigo;
Phlegmariurus regnellii;Criticamente em Perigo;
Phlegmariurus ruber;Criticamente em Perigo;
Phlegmariurus sellowianus;Vulneravel;
Phlegmariurus taxifolius;Em Perigo;
Phlegmariurus treitubensis;Criticamente em Perigo;
Pseudolycopodiella benjaminiana;Em Perigo;
Cuphea adenophylla;Criticamente em Perigo;
Cuphea arenarioides;Vulneravel;
Cuphea bahiensis;Em Perigo;
Cuphea cipoensis;Em Perigo;
Cuphea cuiabensis;Em Perigo;
Cuphea glaziovii;Em Perigo;
Cuphea lindmaniana;Em Perigo;
Cuphea rubro-virens;Criticamente em Perigo;
Cuphea teleandra;Criticamente em Perigo;
Diplusodon aggregatifolius;Em Perigo;
Diplusodon argyrophyllus;Criticamente em Perigo;
Diplusodon ericoides;Criticamente em Perigo;
Diplusodon glaziovii;Criticamente em Perigo;
Diplusodon gracilis;Criticamente em Perigo;
Diplusodon hatschbachii;Vulneravel;
Diplusodon minasensis;Em Perigo;
Diplusodon orbicularis;Vulneravel;
Diplusodon ovatus;Em Perigo;
Diplusodon panniculatus;Criticamente em Perigo;
Diplusodon retroimbricatus;Criticamente em Perigo;
Diplusodon villosissimus;Vulneravel;
Lafoensia nummularifolia;Vulneravel;
Banisteriopsis andersonii;Vulneravel;
Banisteriopsis basifixa;Vulneravel;
Banisteriopsis cipoensis;Em Perigo;
Banisteriopsis hatschbachii;Em Perigo;
Banisteriopsis hirsuta;Em Perigo;
Banisteriopsis magdalenensis;Em Perigo;
Banisteriopsis pseudojanusia;Criticamente em Perigo;
Banisteriopsis sellowiana;Vulneravel;
Bunchosia itacarensis;Criticamente em Perigo;
Bunchosia macilenta;Vulneravel;
Bunchosia pernambucana;Em Perigo;
Byrsonima alvimii;Vulneravel;
Byrsonima brachybotrya;Vulneravel;
Byrsonima cipoensis;Em Perigo;
Byrsonima fonsecae;Criticamente em Perigo;
Byrsonima lanulosa;Em Perigo;
Byrsonima microphylla;Em Perigo;
Byrsonima onishiana;Em Perigo;
Camarea elongata;Vulneravel;
Camarea humifusa;Em Perigo;
Camarea linearifolia;Criticamente em Perigo;
Diplopterys sepium;Em Perigo;
Heladena multiflora;Em Perigo;
Heteropterys admirabilis;Em Perigo;
Heteropterys aliciae;Criticamente em Perigo;
Heteropterys bahiensis;Criticamente em Perigo;
Heteropterys brasiliensis;Em Perigo;
Heteropterys bullata;Em Perigo;
Heteropterys capixaba;Em Perigo;
Heteropterys conformis;Criticamente em Perigo;
Heteropterys crinigera;Vulneravel;
Heteropterys dusenii;Vulneravel;
Heteropterys fragilis;Em Perigo;
Heteropterys hatschbachii;Criticamente em Perigo;
Heteropterys marginata;Em Perigo;
Heteropterys megaptera;Em Perigo;
Heteropterys oberdanii;Vulneravel;
Heteropterys occhionii;Criticamente em Perigo;
Heteropterys sanctorum;Criticamente em Perigo;
Heteropterys ternstroemiifolia;Em Perigo;
Heteropterys thyrsoidea;Em Perigo;
Hiraea bullata;Vulneravel;
Hiraea wiedeana;Em Perigo;
Janusia linearifolia;Vulneravel;
Janusia occhionii;Em Perigo;
Janusia schwannioides;Em Perigo;
Mezia araujoi;Em Perigo;
Peixotoa adenopoda;Em Perigo;
Peixotoa andersonii;Criticamente em Perigo;
Peixotoa bahiana;Criticamente em Perigo;
Peixotoa barnebyi;Em Perigo;
Peixotoa catarinensis;Em Perigo;
Peixotoa cipoana;Em Perigo;
Peixotoa psilophylla;Vulneravel;
Stigmaphyllon bradei;Criticamente em Perigo;
Stigmaphyllon carautae;Criticamente em Perigo;
Stigmaphyllon crenatum;Em Perigo;
Stigmaphyllon glabrum;Criticamente em Perigo;
Stigmaphyllon harleyi;Em Perigo;
Stigmaphyllon macedoanum;Criticamente em Perigo;
Stigmaphyllon mattogrossense;Criticamente em Perigo;
Stigmaphyllon vitifolium;Criticamente em Perigo;
Thryallis laburnum;Vulneravel;
Thryallis parviflora;Em Perigo;
Abutilon anodoides;Criticamente em Perigo;
Abutilon nigricans;Criticamente em Perigo;
Calyculogygas uruguayensis;Em Perigo;
Calyptraemalva catharinensis;Em Perigo;
Hochreutinera hasslerana;Em Perigo;
Monteiroa smithii;Em Perigo;
Pavonia almasana;Em Perigo;
Pavonia grazielae;Vulneravel;
Pavonia hatschbachii;Em Perigo;
Pavonia spiciformis;Em Perigo;
Goeppertia tuberosa;Em Perigo;
Goeppertia widgrenii;Em Perigo;
Ischnosiphon ovatus;Em Perigo;
Maranta subterranea;Vulneravel;
Saranthe composita;Vulneravel;
Marchantia berteroana;Em Perigo;
Regnellidium diphyllum;Vulneravel;
Bertolonia angustifolia;Criticamente em Perigo;
Bertolonia formosa;Criticamente em Perigo;
Bertolonia foveolata;Em Perigo;
Bertolonia hoehneana;Criticamente em Perigo;
Bertolonia leuzeana;Em Perigo;
Bertolonia paranaensis;Em Perigo;
Cambessedesia atropurpurea;Vulneravel;
Cambessedesia gracilis;Em Perigo;
Cambessedesia hermogenesii;Em Perigo;
Cambessedesia weddellii;Vulneravel;
Cambessedesia wurdackii;Vulneravel;
Eriocnema acaulis;Em Perigo;
Eriocnema fulva;Em Perigo;
Huberia carvalhoi;Em Perigo;
Huberia espiritosantensis;Vulneravel;
Huberia pirani;Em Perigo;
Lavoisiera cordata;Vulneravel;
Leandra hatschbachii;Em Perigo;
Lithobium cordatum;Em Perigo;
Marcetia alba;Criticamente em Perigo;
Marcetia bahiana;Em Perigo;
Marcetia formosa;Em Perigo;
Marcetia hatschbachii;Em Perigo;
Marcetia luetzelburgii;Em Perigo;
Marcetia lychnophoroides;Em Perigo;
Marcetia nummularia;Em Perigo;
Marcetia oxycoccoides;Em Perigo;
Marcetia semiriana;Em Perigo;
Marcetia shepherdii;Em Perigo;
Marcetia viscida;Vulneravel;
Meriania callophylla;Vulneravel;
Merianthera burlemarxii;Em Perigo;
Merianthera pulchra;Vulneravel;
Miconia angelana;Criticamente em Perigo;
Miconia capixaba;Criticamente em Perigo;
Miconia carvalhoana;Criticamente em Perigo;
Miconia cipoensis;Em Perigo;
Miconia glazioviana;Vulneravel;
Miconia johnwurdackiana;Em Perigo;
Miconia mendoncae;Vulneravel;
Miconia penduliflora;Em Perigo;
Miconia picinguabensis;Em Perigo;
Miconia setosociliata;Vulneravel;
Microlicia canastrensis;Em Perigo;
Microlicia cuspidifolia;Criticamente em Perigo;
Microlicia flava;Em Perigo;
Microlicia glazioviana;Em Perigo;
Microlicia humilis;Vulneravel;
Microlicia macedoi;Em Perigo;
Microlicia microphylla;Criticamente em Perigo;
Microlicia obtusifolia;Em Perigo;
Microlicia psammophila;Em Perigo;
Mouriri megasperma;Criticamente em Perigo;
Ossaea warmingiana;Vulneravel;
Rhynchanthera latifolia;Vulneravel;
Svitramia integerrima;Em Perigo;
Svitramia minor;Vulneravel;
Svitramia wurdackiana;Vulneravel;
Tibouchina apparicioi;Em Perigo;
Tibouchina bergiana;Em Perigo;
Tibouchina boudetii;Vulneravel;
Tibouchina castellensis;Criticamente em Perigo;
Tibouchina quartzophila;Em Perigo;
Tibouchina riedeliana;Em Perigo;
Trembleya calycina;Em Perigo;
Trembleya chamissoana;Em Perigo;
Trembleya hatschbachii;Em Perigo;
Trembleya pityoides;Criticamente em Perigo;
Cedrela fissilis;Vulneravel;
Cedrela lilloi;Em Perigo;
Cedrela odorata;Vulneravel;
Swietenia macrophylla;Vulneravel;
Trichilia blanchetii;Vulneravel;
Trichilia florbranca;Criticamente em Perigo;
Trichilia magnifoliola;Em Perigo;
Trichilia micropetala;Em Perigo;
Trichilia stellato-tomentosa;Vulneravel;
Metzgeria hegewaldii;Em Perigo;
Macropeplus friburgensis;Em Perigo;
Mollinedia eugeniifolia;Em Perigo;
Mollinedia longicuspidata;Em Perigo;
Mollinedia luizae;Vulneravel;
Dorstenia conceptionis;Em Perigo;
Dorstenia hildegardis;Criticamente em Perigo;
Ficus cyclophylla;Vulneravel;
Maclura brasiliensis;Em Perigo;
Iryanthera campinae;Vulneravel;
Virola bicuhyba;Em Perigo;
Virola parvifolia;Vulneravel;
Virola surinamensis;Vulneravel;
Accara elegans;Em Perigo;
Calycolpus legrandii;Vulneravel;
Calyptranthes fusiformis;Vulneravel;
Calyptranthes hatschbachii;Em Perigo;
Calyptranthes pileata;Vulneravel;
Calyptranthes restingae;Vulneravel;
Campomanesia espiritosantensis;Criticamente em Perigo;
Campomanesia hirsuta;Em Perigo;
Campomanesia macrobracteolata;Vulneravel;
Campomanesia prosthecesepala;Em Perigo;
Campomanesia reitziana;Vulneravel;
Eugenia blanda;Em Perigo;
Eugenia brunoi;Em Perigo;
Eugenia bunchosiifolia;Vulneravel;
Eugenia disperma;Vulneravel;
Eugenia hermesiana;Criticamente em Perigo;
Eugenia imaruiensis;Em Perigo;
Eugenia itacarensis;Em Perigo;
Eugenia joenssonii;Vulneravel;
Eugenia leonorae;Em Perigo;
Eugenia macrobracteolata;Em Perigo;
Eugenia malacantha;Em Perigo;
Eugenia mattosii;Em Perigo;
Eugenia myrciariifolia;Em Perigo;
Eugenia neosericea;Em Perigo;
Eugenia neotristis;Em Perigo;
Eugenia oxyoentophylla;Em Perigo;
Eugenia pachyclada;Em Perigo;
Eugenia peruibensis;Em Perigo;
Eugenia pruinosa;Em Perigo;
Eugenia pseudomalacantha;Em Perigo;
Eugenia reitziana;Em Perigo;
Eugenia rotundicosta;Criticamente em Perigo;
Eugenia sclerocalyx;Vulneravel;
Eugenia vattimoana;Vulneravel;
Eugenia villaenovae;Em Perigo;
Marlierea krapovickae;Em Perigo;
Marlierea lealcostae;Criticamente em Perigo;
Marlierea skortzoviana;Criticamente em Perigo;
Myrceugenia bracteosa;Em Perigo;
Myrceugenia brevipedicellata;Em Perigo;
Myrceugenia foveolata;Em Perigo;
Myrceugenia franciscensis;Em Perigo;
Myrceugenia gertii;Em Perigo;
Myrceugenia hamoniana;Em Perigo;
Myrceugenia hatschbachii;Vulneravel;
Myrceugenia hoehnei;Vulneravel;
Myrceugenia kleinii;Vulneravel;
Myrcia almasensis;Em Perigo;
Myrcia diaphana;Vulneravel;
Myrcia follii;Criticamente em Perigo;
Myrcia gilsoniana;Criticamente em Perigo;
Myrcia hexasticha;Em Perigo;
Myrcia isaiana;Em Perigo;
Myrcia limae;Em Perigo;
Myrcia lineata;Em Perigo;
Myrcia magnifolia;Criticamente em Perigo;
Myrcia neocambessedeana;Criticamente em Perigo;
Myrcia riodocensis;Criticamente em Perigo;
Myrcia rupicola;Em Perigo;
Myrciaria plinioides;Vulneravel;
Neomitranthes amblymitra;Vulneravel;
Neomitranthes cordifolia;Vulneravel;
Neomitranthes gracilis;Em Perigo;
Neomitranthes langsdorffii;Em Perigo;
Neomitranthes obtusa;Em Perigo;
Neomitranthes pedicellata;Em Perigo;
Neomitranthes sctictophylla;Em Perigo;
Plinia callosa;Em Perigo;
Plinia complanata;Em Perigo;
Plinia edulis;Vulneravel;
Plinia hatschbachii;Em Perigo;
Plinia ilhensis;Em Perigo;
Plinia muricata;Em Perigo;
Plinia rara;Em Perigo;
Plinia renatiana;Em Perigo;
Psidium giganteum;Em Perigo;
Psidium reptans;Em Perigo;
Siphoneugena kuhlmannii;Vulneravel;
Luxemburgia angustifolia;Vulneravel;
Luxemburgia corymbosa;Vulneravel;
Luxemburgia flexuosa;Vulneravel;
Ouratea hatschbachii;Em Perigo;
Sauvagesia nitida;Vulneravel;
Chionanthus fluminensis;Criticamente em Perigo;
Chionanthus subsessilis;Vulneravel;
Chionanthus tenuis;Criticamente em Perigo;
Acianthera adiri;Criticamente em Perigo;
Acianthera heringeri;Criticamente em Perigo;
Acianthera langeana;Em Perigo;
Acianthera papillosa;Vulneravel;
Adamantinia miltonioides;Criticamente em Perigo;
Alatiglossum croesus;Vulneravel;
Anathallis colnagoi;Criticamente em Perigo;
Anathallis gehrtii;Vulneravel;
Anathallis pabstii;Em Perigo;
Anathallis tigridens;Vulneravel;
Baptistonia kautskyi;Em Perigo;
Baptistonia truncata;Criticamente em Perigo;
Barbosella trilobata;Em Perigo;
Bifrenaria silvana;Criticamente em Perigo;
Bifrenaria wittigii;Em Perigo;
Bipinnula biplumata;Criticamente em Perigo;
Bipinnula penicillata;Em Perigo;
Brachionidium restrepioides;Vulneravel;
Brachystele camporum;Vulneravel;
Brasilaelia crispa;Vulneravel;
Brasilaelia grandis;Vulneravel;
Brasilaelia lobata;Em Perigo;
Brasilaelia perrinii;Vulneravel;
Brasilaelia purpurata;Vulneravel;
Brasilaelia tenebrosa;Em Perigo;
Brasilaelia xanthina;Em Perigo;
Brasilidium marshallianum;Criticamente em Perigo;
Brasilidium pectorale;Criticamente em Perigo;
Brasiliorchis schunkeana;Em Perigo;
Brassia arachnoidea;Vulneravel;
Bulbophyllum arianeae;Criticamente em Perigo;
Bulbophyllum boudetianum;Em Perigo;
Bulbophyllum kautskyi;Vulneravel;
Campylocentrum pernambucense;Em Perigo;
Catasetum mattosianum;Em Perigo;
Cattleya aclandiae;Vulneravel;
Cattleya dormaniana;Em Perigo;
Cattleya granulosa;Vulneravel;
Cattleya guttata;Vulneravel;
Cattleya harrisoniana;Vulneravel;
Cattleya intermedia;Vulneravel;
Cattleya labiata;Vulneravel;
Cattleya porphyroglossa;Criticamente em Perigo;
Cattleya schilleriana;Em Perigo;
Cattleya schofieldiana;Criticamente em Perigo;
Cattleya tenuis;Em Perigo;
Cattleya tigrina;Vulneravel;
Cattleya velutina;Vulneravel;
Cattleya walkeriana;Vulneravel;
Cattleya warneri;Vulneravel;
Centroglossa castellensis;Criticamente em Perigo;
Chloraea membranacea;Em Perigo;
Cirrhaea fuscolutea;Em Perigo;
Cirrhaea loddigesii;Criticamente em Perigo;
Cirrhaea longiracemosa;Vulneravel;
Cleistes aphylla;Em Perigo;
Codonorchis canisioi;Criticamente em Perigo;
Constantia cipoensis;Criticamente em Perigo;
Coppensia macronyx;Vulneravel;
Coppensia majevskyi;Em Perigo;
Cyclopogon dutrae;Em Perigo;
Cycnoches pentadactylum;Em Perigo;
Cyrtopodium caiapoense;Vulneravel;
Cyrtopodium hatschbachii;Em Perigo;
Cyrtopodium lamellaticallosum;Criticamente em Perigo;
Cyrtopodium latifolium;Criticamente em Perigo;
Cyrtopodium linearifolium;Criticamente em Perigo;
Cyrtopodium lissochiloides;Vulneravel;
Cyrtopodium palmifrons;Vulneravel;
Cyrtopodium poecilum;Em Perigo;
Cyrtopodium triste;Vulneravel;
Dichaea mosenii;Vulneravel;
Dryadella auriculigera;Criticamente em Perigo;
Dryadella lilliputiana;Vulneravel;
Dryadella susanae;Criticamente em Perigo;
Dungsia harpophylla;Vulneravel;
Dungsia kautskyi;Criticamente em Perigo;
Encyclia bragancae;Em Perigo;
Epidendrum addae;Vulneravel;
Epidendrum ecostatum;Vulneravel;
Epidendrum henschenii;Em Perigo;
Epidendrum robustum;Vulneravel;
Epidendrum zappii;Em Perigo;
Grandiphyllum divaricatum;Vulneravel;
Grandiphyllum hians;Vulneravel;
Grobya cipoensis;Criticamente em Perigo;
Grobya fascifera;Vulneravel;
Habenaria achalensis;Vulneravel;
Habenaria brachyplectron;Criticamente em Perigo;
Habenaria ernestulei;Em Perigo;
Habenaria galeandriformis;Criticamente em Perigo;
Habenaria itaculumia;Criticamente em Perigo;
Habenaria novaesii;Criticamente em Perigo;
Habenaria piraquarensis;Em Perigo;
Hadrolaelia alaori;Criticamente em Perigo;
Hadrolaelia brevipedunculata;Vulneravel;
Hadrolaelia jongheana;Em Perigo;
Hadrolaelia pumila;Vulneravel;
Hadrolaelia pygmaea;Em Perigo;
Hadrolaelia sincorana;Em Perigo;
Hadrolaelia wittigiana;Em Perigo;
Hoehneella heloisae;Criticamente em Perigo;
Hoffmannseggella briegeri;Em Perigo;
Hoffmannseggella caulescens;Em Perigo;
Hoffmannseggella endsfeldzii;Criticamente em Perigo;
Hoffmannseggella ghillanyi;Em Perigo;
Hoffmannseggella gloedeniana;Criticamente em Perigo;
Hoffmannseggella kautskyana;Criticamente em Perigo;
Hoffmannseggella milleri;Criticamente em Perigo;
Hoffmannseggella mixta;Em Perigo;
Hoffmannseggella munchowiana;Criticamente em Perigo;
Houlletia brocklehurstiana;Em Perigo;
Isabelia virginalis;Vulneravel;
Lophiaris schwambachiae;Vulneravel;
Malaxis jaraguae;Vulneravel;
Masdevallia discoidea;Criticamente em Perigo;
Miltonia kayasimae;Criticamente em Perigo;
Myoxanthus ruschii;Criticamente em Perigo;
Myoxanthus seidelii;Criticamente em Perigo;
Neogardneria murrayana;Em Perigo;
Notylia microchila;Em Perigo;
Octomeria alexandri;Em Perigo;
Octomeria chamaeleptotes;Vulneravel;
Octomeria geraensis;Vulneravel;
Octomeria hatschbachii;Vulneravel;
Octomeria hoehnei;Em Perigo;
Octomeria lichenicola;Em Perigo;
Octomeria truncicola;Vulneravel;
Octomeria wawrae;Em Perigo;
Octomeria wilsoniana;Criticamente em Perigo;
Pabstia jugosa;Em Perigo;
Pabstia schunkiana;Criticamente em Perigo;
Pabstiella bacillaris;Em Perigo;
Pabstiella carinifera;Vulneravel;
Pabstiella castellensis;Criticamente em Perigo;
Pabstiella conspersa;Em Perigo;
Pabstiella garayi;Criticamente em Perigo;
Pabstiella lingua;Em Perigo;
Pabstiella ruschii;Criticamente em Perigo;
Phragmipedium vittatum;Vulneravel;
Phymatidium geiselii;Em Perigo;
Phymatidium glaziovii;Vulneravel;
Phymatidium vogelii;Vulneravel;
Polystachya rupicola;Criticamente em Perigo;
Pseudolaelia brejetubensis;Criticamente em Perigo;
Pseudolaelia canaanensis;Vulneravel;
Pseudolaelia cipoensis;Criticamente em Perigo;
Pseudolaelia citrina;Em Perigo;
Pseudolaelia dutrae;Vulneravel;
Pteroglossa hilariana;Em Perigo;
Rauhiella silvana;Em Perigo;
Sarcoglottis alexandri;Em Perigo;
Saundersia mirabilis;Em Perigo;
Saundersia paniculata;Vulneravel;
Scuticaria irwiniana;Em Perigo;
Scuticaria itirapinensis;Criticamente em Perigo;
Scuticaria kautskyi;Criticamente em Perigo;
Scuticaria strictifolia;Em Perigo;
Specklinia gomesferreirae;Criticamente em Perigo;
Stigmatosema hatschbachii;Criticamente em Perigo;
Thelyschista ghillanyi;Vulneravel;
Thysanoglossa jordanensis;Em Perigo;
Trichopilia santoslimae;Criticamente em Perigo;
Vanilla dietschiana;Vulneravel;
Vanilla dubia;Em Perigo;
Zygopetalum pabstii;Em Perigo;
Zygostates kuhlmannii;Em Perigo;
Zygostates linearisepala;Criticamente em Perigo;
Agalinis bandeirensis;Criticamente em Perigo;
Agalinis brachyphylla;Vulneravel;
Agalinis itambensis;Em Perigo;
Agalinis nana;Em Perigo;
Agalinis ramulifera;Em Perigo;
Agalinis schwackeana;Criticamente em Perigo;
Esterhazya caesarea;Vulneravel;
Magdalenaea limae;Criticamente em Perigo;
Nothochilus coccineus;Em Perigo;
Oxalis arachnoidea;Criticamente em Perigo;
Oxalis bela-vitoriae;Criticamente em Perigo;
Oxalis blackii;Criticamente em Perigo;
Oxalis clausenii;Criticamente em Perigo;
Oxalis diamantinae;Criticamente em Perigo;
Oxalis doceana;Criticamente em Perigo;
Oxalis hyalotricha;Em Perigo;
Oxalis impatiens;Em Perigo;
Oxalis kuhlmannii;Criticamente em Perigo;
Oxalis mandioccana;Vulneravel;
Oxalis paranaensis;Criticamente em Perigo;
Oxalis praetexta;Em Perigo;
Jensenia difformis;Em Perigo;
Passiflora hatschbachii;Em Perigo;
Passiflora imbeana;Em Perigo;
Passiflora ischnoclada;Criticamente em Perigo;
Passiflora margaritae;Em Perigo;
Passiflora setulosa;Em Perigo;
Passiflora urubiciensis;Em Perigo;
Ternstroemia cuneifolia;Vulneravel;
Phyllanthus gladiatus;Vulneravel;
Microtea bahiensis;Em Perigo;
Microtea papilosa;Vulneravel;
Picramnia coccinea;Em Perigo;
Peperomia cordigera;Vulneravel;
Peperomia gracilis;Em Perigo;
Peperomia guarujana;Criticamente em Perigo;
Peperomia hemmendorffii;Em Perigo;
Peperomia itatiaiana;Em Perigo;
Peperomia loefgrenii;Em Perigo;
Peperomia rostulatiformis;Em Perigo;
Peperomia rufispica;Criticamente em Perigo;
Peperomia suboppositifolia;Em Perigo;
Piper amparoense;Em Perigo;
Piper anostachyum;Em Perigo;
Piper barretoi;Em Perigo;
Piper bennettianum;Vulneravel;
Piper carautensei;Em Perigo;
Piper casteloense;Em Perigo;
Piper duartei;Vulneravel;
Piper edwallii;Em Perigo;
Piper hatschbachii;Criticamente em Perigo;
Piper hoehnei;Em Perigo;
Piper juliflorum;Em Perigo;
Piper kuhlmannii;Vulneravel;
Piper laevicarpum;Em Perigo;
Piper loefgrenii;Vulneravel;
Piper oblancifolium;Em Perigo;
Piper piritubanum;Em Perigo;
Piper rioense;Em Perigo;
Piper sampaioi;Criticamente em Perigo;
Piper scabrellum;Em Perigo;
Plagiochila boryana;Em Perigo;
Achetaria caparaoense;Criticamente em Perigo;
Achetaria latifolia;Criticamente em Perigo;
Angelonia alternifolia;Criticamente em Perigo;
Bacopa cochlearia;Em Perigo;
Ildefonsia bibracteata;Criticamente em Perigo;
Plantago turficola;Em Perigo;
Stemodia harleyi;Vulneravel;
Stemodia hyptoides;Vulneravel;
Agrostis lenis;Vulneravel;
Agrostis longiberbis;Em Perigo;
Altoparadisium chapadense;Criticamente em Perigo;
Andropogon glaucophyllus;Em Perigo;
Anomochloa marantoidea;Em Perigo;
Anthaenantiopsis fiebrigii;Criticamente em Perigo;
Apoclada simplex;Em Perigo;
Aristida brasiliensis;Em Perigo;
Aristida constricta;Criticamente em Perigo;
Arthropogon xerachne;Criticamente em Perigo;
Arundinella deppeana;Vulneravel;
Axonopus carajasensis;Em Perigo;
Axonopus fastigiatus;Vulneravel;
Axonopus hydrolithicus;Criticamente em Perigo;
Axonopus monticola;Em Perigo;
Axonopus ramboi;Em Perigo;
Axonopus uninodis;Criticamente em Perigo;
Bothriochloa laguroides;Vulneravel;
Bromidium ramboi;Criticamente em Perigo;
Cambajuva ulei;Em Perigo;
Canastra lanceolata;Criticamente em Perigo;
Chascolytrum brasiliense;Em Perigo;
Chascolytrum bulbosum;Criticamente em Perigo;
Chascolytrum itatiaiae;Em Perigo;
Chascolytrum parodianum;Criticamente em Perigo;
Chascolytrum scabrum;Em Perigo;
Chusquea attenuata;Em Perigo;
Chusquea baculifera;Criticamente em Perigo;
Chusquea erecta;Em Perigo;
Chusquea heterophylla;Em Perigo;
Chusquea pulchella;Em Perigo;
Chusquea tenuiglumis;Criticamente em Perigo;
Colanthelia macrostachya;Em Perigo;
Danthonia cirrata;Em Perigo;
Deschampsia caespitosa;Em Perigo;
Diandrolyra tatianae;Em Perigo;
Digitaria neesiana;Em Perigo;
Glaziophyton mirabile;Em Perigo;
Gymnopogon doellii;Criticamente em Perigo;
Leersia ligularis;Vulneravel;
Lithachne horizontalis;Em Perigo;
Luziola brasiliensis;Vulneravel;
Melica arzivencoi;Em Perigo;
Merostachys abadiana;Criticamente em Perigo;
Merostachys burmanii;Em Perigo;
Merostachys caucaiana;Criticamente em Perigo;
Merostachys scandens;Criticamente em Perigo;
Ocellochloa brachystachya;Criticamente em Perigo;
Olyra latispicula;Criticamente em Perigo;
Parianella carvalhoi;Criticamente em Perigo;
Paspalum biaristatum;Em Perigo;
Paspalum longiaristatum;Em Perigo;
Paspalum niquelandiae;Em Perigo;
Paspalum rawitscheri;Em Perigo;
Paspalum repandum;Em Perigo;
Piptochaetium alpinum;Em Perigo;
Piptochaetium palustre;Criticamente em Perigo;
Poa bradei;Em Perigo;
Poa reitzii;Em Perigo;
Raddia angustifolia;Criticamente em Perigo;
Raddia distichophylla;Em Perigo;
Reitzia smithii;Vulneravel;
Schizachyrium scabriflorum;Em Perigo;
Setaria parviflora;Criticamente em Perigo;
Setaria stolonifera;Criticamente em Perigo;
Sporobolus apiculatus;Em Perigo;
Sucrea maculata;Em Perigo;
Sucrea sampaiana;Em Perigo;
Triraphis devia;Em Perigo;
Zizaniopsis bonariensis;Em Perigo;
Podocarpus barretoi;Criticamente em Perigo;
Podocarpus brasiliensis;Vulneravel;
Mourera weddelliana;Vulneravel;
Podostemum ovatum;Em Perigo;
Podostemum rutifolium;Vulneravel;
Podostemum saldanhanum;Criticamente em Perigo;
Polygala franchetii;Em Perigo;
Polygala selaginoides;Em Perigo;
Polygala stephaniana;Em Perigo;
Polygala tamariscea;Vulneravel;
Alansmia senilis;Criticamente em Perigo;
Ceradenia capillaris;Vulneravel;
Ceradenia glaziovii;Em Perigo;
Ceradenia warmingii;Criticamente em Perigo;
Grammitis fluminensis;Em Perigo;
Lellingeria brasiliensis;Vulneravel;
Lellingeria itatimensis;Criticamente em Perigo;
Lellingeria tamandarei;Em Perigo;
Moranopteris perpusilla;Em Perigo;
Pecluma hoehnii;Criticamente em Perigo;
Pecluma imbeana;Criticamente em Perigo;
Pecluma insularis;Criticamente em Perigo;
Pleopeltis alborufula;Em Perigo;
Pleopeltis monoides;Em Perigo;
Pleopeltis trindadensis;Criticamente em Perigo;
Stenogrammitis limula;Criticamente em Perigo;
Stenogrammitis pumila;Criticamente em Perigo;
Terpsichore semihirsuta;Em Perigo;
Terpsichore taxifolia;Em Perigo;
Portulaca hatschbachii;Em Perigo;
Leptodontium wallisii;Vulneravel;
Lysimachia barbata;Em Perigo;
Lysimachia buxifolia;Em Perigo;
Myrsine congesta;Em Perigo;
Myrsine glazioviana;Em Perigo;
Myrsine villosissima;Em Perigo;
Euplassa cantareirae;Em Perigo;
Euplassa incana;Vulneravel;
Euplassa nebularis;Em Perigo;
Euplassa semicostata;Em Perigo;
Panopsis multiflora;Em Perigo;
Roupala asplenioides;Em Perigo;
Roupala sculpta;Vulneravel;
Adiantum diphyllum;Criticamente em Perigo;
Adiantum discolor;Em Perigo;
Adiantum mynsseniae;Em Perigo;
Adiantum papillosum;Em Perigo;
Adiantum tetragonum;Em Perigo;
Cheilanthes incisa;Em Perigo;
Cheilanthes juergensii;Em Perigo;
Cheilanthes regnelliana;Em Perigo;
Doryopteris itatiaiensis;Em Perigo;
Doryopteris paradoxa;Vulneravel;
Doryopteris quinquelobata;Criticamente em Perigo;
Doryopteris rediviva;Vulneravel;
Doryopteris rosenstockii;Em Perigo;
Doryopteris rufa;Em Perigo;
Doryopteris subsimplex;Em Perigo;
Doryopteris tijucana;Em Perigo;
Doryopteris trilobata;Em Perigo;
Jamesonia biardii;Em Perigo;
Jamesonia brasiliensis;Em Perigo;
Jamesonia cheilanthoides;Em Perigo;
Jamesonia insignis;Em Perigo;
Jamesonia rufescens;Criticamente em Perigo;
Pellaea cymbiformis;Em Perigo;
Pellaea gleichenioides;Em Perigo;
Pteris congesta;Em Perigo;
Pteris limae;Criticamente em Perigo;
Quillaja brasiliensis;Em Perigo;
Colletia exserta;Em Perigo;
Colletia paradoxa;Em Perigo;
Condalia buxifolia;Em Perigo;
Discaria americana;Vulneravel;
Gouania corylifolia;Vulneravel;
Gouania inornata;Em Perigo;
Rhamnidium glabrum;Vulneravel;
Scutia arenicola;Em Perigo;
Riccia ridleyi;Criticamente em Perigo;
Alseis involuta;Vulneravel;
Bradea anomala;Criticamente em Perigo;
Bradea bicornuta;Criticamente em Perigo;
Bradea montana;Criticamente em Perigo;
Carapichea ipecacuanha;Vulneravel;
Chomelia modesta;Criticamente em Perigo;
Coussarea bocainae;Em Perigo;
Erithalis insularis;Criticamente em Perigo;
Faramea bahiensis;Vulneravel;
Faramea paratiensis;Em Perigo;
Galianthe elegans;Vulneravel;
Galianthe souzae;Em Perigo;
Galianthe vaginata;Em Perigo;
Galium diphyllum;Criticamente em Perigo;
Galium rubidiflorum;Criticamente em Perigo;
Galium shepherdii;Criticamente em Perigo;
Guettarda paludosa;Criticamente em Perigo;
Hindsia glabra;Em Perigo;
Hindsia ibitipocensis;Criticamente em Perigo;
Manettia campanulacea;Criticamente em Perigo;
Manettia pauciflora;Em Perigo;
Melanopsidium nigrum;Vulneravel;
Mitracarpus anthospermoides;Em Perigo;
Mitracarpus eritrichoides;Em Perigo;
Mitracarpus rigidifolius;Vulneravel;
Pagamea harleyi;Vulneravel;
Palicourea fulgens;Vulneravel;
Psychotria loefgrenii;Em Perigo;
Psychotria microcarpa;Em Perigo;
Psychotria paludosa;Em Perigo;
Richardia schumannii;Em Perigo;
Riodocea pulcherrima;Em Perigo;
Rudgea coronata;Criticamente em Perigo;
Rudgea corymbulosa;Em Perigo;
Rudgea crassifolia;Vulneravel;
Rudgea erythrocarpa;Em Perigo;
Rudgea insignis;Vulneravel;
Rudgea jasminoides;Vulneravel;
Rudgea macrophylla;Em Perigo;
Rudgea pachyphylla;Em Perigo;
Rudgea parquioides;Criticamente em Perigo;
Rudgea parquioides;Em Perigo;
Rudgea parvifolia;Vulneravel;
Rudgea sessilis;Em Perigo;
Rudgea umbrosa;Vulneravel;
Rustia angustifolia;Em Perigo;
Simira grazielae;Em Perigo;
Simira hatschbachiorum;Em Perigo;
Staelia hatschbachii;Em Perigo;
Standleya kuhlmanni;Em Perigo;
Almeidea coerulea;Em Perigo;
Andreadoxa flava;Criticamente em Perigo;
Conchocarpus bellus;Criticamente em Perigo;
Conchocarpus cauliflorus;Criticamente em Perigo;
Conchocarpus marginatus;Criticamente em Perigo;
Esenbeckia irwiniana;Em Perigo;
Euxylophora paraensis;Criticamente em Perigo;
Galipea carinata;Criticamente em Perigo;
Metrodorea maracasana;Vulneravel;
Nycticalanthus speciosus;Criticamente em Perigo;
Pilocarpus alatus;Vulneravel;
Pilocarpus jaborandi;Em Perigo;
Pilocarpus microphyllus;Em Perigo;
Pilocarpus trachylophus;Em Perigo;
Raulinoa echinata;Vulneravel;
Abatia angeliana;Vulneravel;
Casearia paranaensis;Vulneravel;
Acanthosyris paulo-alvinii;Vulneravel;
Cupania concolor;Vulneravel;
Cupania furfuracea;Vulneravel;
Melicoccus espiritosantensis;Em Perigo;
Serjania divaricocca;Criticamente em Perigo;
Serjania hatschbachii;Criticamente em Perigo;
Talisia subalbens;Vulneravel;
Urvillea glabra;Vulneravel;
Chrysophyllum imperiale;Em Perigo;
Chrysophyllum januariense;Vulneravel;
Manilkara dardanoi;Vulneravel;
Manilkara decrescens;Vulneravel;
Manilkara maxima;Em Perigo;
Manilkara multifida;Vulneravel;
Micropholis emarginata;Em Perigo;
Micropholis splendens;Em Perigo;
Pouteria bapeba;Criticamente em Perigo;
Pouteria bullata;Em Perigo;
Pouteria butyrocarpa;Criticamente em Perigo;
Pouteria coelomatica;Vulneravel;
Pouteria decussata;Em Perigo;
Pouteria furcata;Em Perigo;
Pouteria macahensis;Em Perigo;
Pouteria multiflora;Vulneravel;
Pouteria oxypetala;Em Perigo;
Pouteria pachycalyx;Vulneravel;
Pouteria petiolata;Vulneravel;
Pouteria vernicosa;Vulneravel;
Pouteria virescens;Em Perigo;
Pradosia granulosa;Vulneravel;
Pradosia kuhlmannii;Em Perigo;
Pradosia subverticillata;Vulneravel;
Pradosia verticillata;Em Perigo;
Sarcaulus vestitus;Vulneravel;
Buddleja speciosissima;Em Perigo;
Selaginella mendoncae;Vulneravel;
Castela tweedii;Em Perigo;
Simaba glabra;Vulneravel;
Simaba insignis;Em Perigo;
Simaba salubris;Criticamente em Perigo;
Simaba suaveolens;Criticamente em Perigo;
Simaba warmingiana;Em Perigo;
Smilax lappacea;Em Perigo;
Smilax lutescens;Em Perigo;
Smilax muscosa;Vulneravel;
Smilax spicata;Em Perigo;
Smilax subsessiliflora;Em Perigo;
Calibrachoa eglandulata;Em Perigo;
Calibrachoa elegans;Em Perigo;
Calibrachoa humilis;Em Perigo;
Calibrachoa spathulata;Vulneravel;
Lycianthes repens;Em Perigo;
Nicotiana mutabilis;Vulneravel;
Nierembergia pinifolia;Criticamente em Perigo;
Petunia bonjardinensis;Em Perigo;
Petunia exserta;Em Perigo;
Petunia mantiqueirensis;Em Perigo;
Petunia reitzii;Criticamente em Perigo;
Petunia saxicola;Criticamente em Perigo;
Schwenckia curviflora;Em Perigo;
Schwenckia nova-veneciana;Criticamente em Perigo;
Solanum arenarium;Em Perigo;
Solanum bahianum;Em Perigo;
Solanum graveolens;Em Perigo;
Solanum jabrense;Em Perigo;
Solanum paralum;Em Perigo;
Solanum restingae;Em Perigo;
Solanum santosii;Vulneravel;
Solanum spissifolium;Criticamente em Perigo;
Solanum viscosissimum;Em Perigo;
Solanum warmingii;Em Perigo;
Symplocos corymboclados;Em Perigo;
Symplocos itatiaiae;Em Perigo;
Symplocos neglecta;Criticamente em Perigo;
Symplocos organensis;Em Perigo;
Symplocos rhamnifolia;Em Perigo;
Thelypteris cutiataensis;Em Perigo;
Thelypteris littoralis;Em Perigo;
Thelypteris montana;Vulneravel;
Thelypteris multigemmifera;Criticamente em Perigo;
Thelypteris novaeana;Criticamente em Perigo;
Trigoniodendron spiritusanctense;Vulneravel;
Tropaeolum warmingianum;Em Perigo;
Pilea aparadensis;Criticamente em Perigo;
Pilea flammula;Vulneravel;
Barbacenia delicatula;Em Perigo;
Barbacenia exscapa;Criticamente em Perigo;
Barbacenia glutinosa;Criticamente em Perigo;
Barbacenia gounelleana;Em Perigo;
Barbacenia longiscapa;Criticamente em Perigo;
Barbacenia paranaensis;Em Perigo;
Barbacenia pungens;Criticamente em Perigo;
Barbacenia riparia;Criticamente em Perigo;
Barbacenia rodriguesii;Em Perigo;
Barbacenia spectabilis;Em Perigo;
Barbacenia spiralis;Em Perigo;
Vellozia alata;Em Perigo;
Vellozia armata;Em Perigo;
Vellozia barbata;Em Perigo;
Vellozia canelinha;Criticamente em Perigo;
Vellozia gigantea;Em Perigo;
Vellozia glabra;Em Perigo;
Vellozia hatschbachii;Em Perigo;
Vellozia leptopetala;Em Perigo;
Vellozia lilacina;Em Perigo;
Vellozia metzgerae;Em Perigo;
Vellozia nuda;Em Perigo;
Vellozia patens;Em Perigo;
Vellozia piresiana;Em Perigo;
Vellozia pulchra;Em Perigo;
Vellozia sessilis;Em Perigo;
Vellozia streptophylla;Em Perigo;
Vellozia subalata;Em Perigo;
Aloysia hatschbachii;Em Perigo;
Citharexylum obtusifolium;Em Perigo;
Lippia alnifolia;Vulneravel;
Lippia bradei;Vulneravel;
Lippia bromleyana;Em Perigo;
Lippia elliptica;Vulneravel;
Lippia insignis;Vulneravel;
Lippia morii;Em Perigo;
Lippia pumila;Em Perigo;
Lippia rhodocnemis;Em Perigo;
Recordia reitzii;Em Perigo;
Stachytarpheta almasensis;Em Perigo;
Stachytarpheta procumbens;Em Perigo;
Stachytarpheta radlkoferiana;Vulneravel;
Hybanthus albus;Criticamente em Perigo;
Pombalia strigoides;Em Perigo;
Rinorea bicornuta;Criticamente em Perigo;
Rinorea longistipulata;Em Perigo;
Rinorea ramiziana;Em Perigo;
Rinorea villosiflora;Criticamente em Perigo;
Viola gracillima;Em Perigo;
Cissus apendiculata;Em Perigo;
Cissus inundata;Vulneravel;
Callisthene inundata;Em Perigo;
Erisma arietinum;Em Perigo;
Qualea coerulea;Vulneravel;
Qualea magna;Em Perigo;
Vochysia angelica;Em Perigo;
Vochysia pygmaea;Em Perigo;
Vochysia santaluciae;Em Perigo;
Xyris aurea;Em Perigo;
Xyris blepharophylla;Em Perigo;
Xyris cipoensis;Em Perigo;
Xyris coutensis;Criticamente em Perigo;
Xyris dardanoi;Criticamente em Perigo;
Xyris fibrosa;Criticamente em Perigo;
Xyris fusca;Em Perigo;
Xyris hatschbachii;Criticamente em Perigo;
Xyris hystrix;Criticamente em Perigo;
Xyris longifolia;Em Perigo;
Xyris lucida;Em Perigo;
Xyris morii;Em Perigo;
Xyris neglecta;Em Perigo;
Xyris nigricans;Criticamente em Perigo;
Xyris obtusiuscula;Em Perigo;
Xyris phaeocephala;Em Perigo;
Xyris platystachya;Criticamente em Perigo;
Xyris reitzii;Em Perigo;
Xyris retrorsifimbriata;Criticamente em Perigo;
Xyris rigida;Criticamente em Perigo;
Xyris sincorana;Em Perigo;
Xyris sororia;Criticamente em Perigo;
Xyris stenophylla;Vulneravel;
Xyris tortilis;Criticamente em Perigo;
Xyris uninervis;Criticamente em Perigo;
Xyris vacillans;Em Perigo;
Xyris wawrae;Em Perigo;
Renealmia brasiliensis;Em Perigo;
Handroanthus impetiginosus;Vulneravel;Estado PA
Tabebuia impetiginosa;Vulneravel;Estado PA
Handroanthus impetiginosum;Vulneravel;Estado PA
